ds,y
1713856038.305164,52
1713856040.2300367,52
1713856042.1214135,52
1713856044.0361404,52
1713856045.9333055,52
1713856047.8291209,52
1713856049.7283158,52
1713856050.5274208,70
1713856050.5712597,70
1713856051.6646943,52
1713856052.5683334,70
1713856053.7689679,52
1713856054.609715,70
1713856055.7114017,52
1713856056.6460671,70
1713856056.7605596,70
1713856057.6328428,52
1713856058.7345905,70
1713856058.7369998,70
1713856058.7420793,70
1713856059.5078416,52
1713856060.7580738,70
1713856060.764001,70
1713856060.7640443,70
1713856060.7682645,70
1713856061.4253826,52
1713856062.8102653,70
1713856062.9371498,70
1713856063.5561674,52
1713856064.839725,70
1713856064.8560286,70
1713856064.8560827,70
1713856065.4597738,52
1713856066.912958,70
1713856066.928104,70
1713856067.4255137,52
1713856069.491998,52
1713856071.3807006,52
