ds,y
1713781977.7886872,52
1713781979.800469,52
1713781981.7858758,52
1713781983.7179487,52
1713781985.6443863,52
1713781987.7189338,52
1713781989.6473284,52
1713781989.7078984,70
1713781991.5819018,52
1713781991.7532022,70
1713781991.7587354,70
1713781993.6598866,52
1713781993.7980888,70
1713781993.8015234,70
1713781993.8396072,70
1713781993.844396,70
1713781995.608735,52
1713781995.847408,70
1713781995.8493533,70
1713781997.64846,52
1713781997.8999088,70
1713781997.9668863,70
1713781999.5611184,52
1713781999.9420788,70
1713782001.7283242,52
1713782001.9927797,70
1713782002.0317998,70
1713782002.0371876,70
1713782002.0746455,70
1713782003.9260871,52
1713782004.044857,70
1713782005.91265,52
1713782006.0958498,70
1713782006.270812,70
