ds,y
1713781975.8423796,52
1713781977.7885563,52
1713781979.8003561,52
1713781981.8754013,52
1713781983.76901,52
1713781985.6525996,52
1713781987.7192502,52
1713781989.647216,52
1713781989.70592,70
1713781991.5866125,52
1713781991.76221,70
1713781991.7634876,70
1713781993.6597974,52
1713781993.7980795,70
1713781993.7989357,70
1713781993.801348,70
1713781995.625818,52
1713781995.8625526,70
1713781995.8629467,70
1713781995.8783875,70
1713781997.6483517,52
1713781997.9022472,70
1713781997.9026546,70
1713781997.9706745,70
1713781999.566321,52
1713782001.727012,52
1713782001.99009,70
1713782001.9970546,70
1713782001.9995217,70
1713782002.0783474,70
1713782003.925984,52
1713782004.0579426,70
1713782005.9125633,52
1713782006.0936985,70
1713782006.250041,70
