ds,y
1713856038.3051677,52
1713856040.2300384,52
1713856042.121415,52
1713856044.0361416,52
1713856045.9333072,52
1713856047.829122,52
1713856049.7283173,52
1713856050.5274231,70
1713856050.5712628,70
1713856051.664696,52
1713856052.5683355,70
1713856053.76897,52
1713856054.609718,70
1713856055.7114034,52
1713856056.646069,70
1713856056.7605615,70
1713856057.632846,52
1713856058.734593,70
1713856058.7370005,70
1713856058.7420795,70
1713856059.507843,52
1713856060.7580783,70
1713856060.7640018,70
1713856060.764045,70
1713856060.768265,70
1713856061.4253843,52
1713856062.810269,70
1713856062.9371502,70
1713856063.5561705,52
1713856064.8397226,70
1713856064.856029,70
1713856064.856083,70
1713856065.4597752,52
1713856066.9129603,70
1713856066.9281192,70
1713856067.425516,52
1713856069.4920006,52
