ds,y
1713781975.8423808,52
1713781977.7885578,52
1713781979.8003576,52
1713781981.875403,52
1713781983.7690115,52
1713781985.652601,52
1713781987.7192514,52
1713781989.6472175,52
1713781989.7059224,70
1713781991.5866137,52
1713781991.7622125,70
1713781991.763488,70
1713781993.6597986,52
1713781993.7980814,70
1713781993.7989361,70
1713781993.8013482,70
1713781995.6258194,52
1713781995.862555,70
1713781995.8629472,70
1713781995.8783898,70
1713781997.648353,52
1713781997.9022496,70
1713781997.9026551,70
1713781997.9706767,70
1713781999.5663223,52
1713782001.7270133,52
1713782001.9900887,70
1713782001.997057,70
1713782001.9995222,70
1713782002.07835,70
1713782003.925985,52
1713782004.0579448,70
1713782005.9125645,52
1713782006.0937016,70
1713782006.2500436,70
